David Lynch,Mulholland Drive,2001
Wong Kar-wai,In the Mood for Love,2000
Terrence Malick,The Tree of Life,2011
Edward Yang,Yi Yi: A One and a Two,2000
Jean-Luc Godard,Goodbye to Language,2014
Mohammad Rasoulof,The White Meadows,2009
Raoul Ruiz,Night Across the Street,2012
Abbas Kiarostami,Certified Copy,2010
Johnnie To,Sparrow,2008
Carlos Saura,Fados,2007
Wong Kar-wai,In the Mood for Love,2000
Michel Gondry,Eternal Sunshine of the Spotless Mind,2004
Apichatpong Weerasethakul,Syndromes and a Century,2006
Hayao Miyazaki,Spirited Away,2001
Joshua Oppenheimer,The Act of Killing,2012
Wes Anderson,The Grand Budapest Hotel,2014
Terrence Malick,The New World,2004
Abbas Kiarostami,Certified Copy,2010
Jia Zhangke,The World,2004
Gus Van Sant,Elephant,2003
Kathryn Bigelow,Zero Dark Thirty,2012
David Cronenberg,A History of Violence,2005
Wes Anderson,The Grand Budapest Hotel,2014
Sarah Polley,Stories We Tell,2012
Martin Campbell,Casino Royale,2006
Michel Gondry,Eternal Sunshine of the Spotless Mind,2004
Miguel Gomes,Tabu,2012
Pablo Berger,Snow White,2012
Courtney Hunt,Frozen River,2008
Robert Altman,Gosford Park,2001
Wong Kar-wai,In the Mood for Love,2000
David Lynch,Mulholland Drive,2001
Christopher Nolan,Inception,2010
Guillermo Del Toro,"""Pans Labyrinth""",2006
Michael Haneke,Caché,2005
Werner Herzog,Grizzly Man,2005
Cristian Mungiu,"4 Months, 3 Weeks & 2 Days",2007
Leos Carax,Holy Motors,2012
Claude Lanzmann,The Last of the Unjust,2013
Paul Thomas Anderson,There Will Be Blood,2007
Michael Haneke,The Piano Teacher,2001
Kenneth Lonergan,Margaret,2011
Mary Harron,American Psycho,2000
Cristian Mungiu,"4 Months, 3 Weeks & 2 Days",2007
Michael Haneke,Caché,2005
David Lynch,Mulholland Drive,2001
Jessica Hausner,Lourdes,2009
Andrea Arnold,Red Road,2006
Richard Linklater,Boyhood,2014
Pablo Larraín,Tony Manero,2008
Joel and Ethan Coen,No Country For Old Men,2007
Hayao Miyazaki,Spirited Away,2001
Asghar Farhadi,A Separation,2011
Guillermo Del Toro,"""Pans Labyrinth""",2006
Andrew Stanton and Lee Unkrich,Finding Nemo,2003
Zhang Yimou,Hero,2002
Martin Scorsese,The Wolf of Wall Street,2013
Bong Joon-ho,Mother,2009
Paul Greengrass,The Bourne Ultimatum,2007
Steven Soderbergh,Traffic,2000
Danièle Huillet and Jean-Marie Straub,These Encounters of Theirs,2006
Marco Bellocchio,Vincere,2009
Michelangelo Frammartino,Le quattro volte,2010
Ermanno Olmi,The Profession of Arms,2001
Paolo Benvenuti,Gostanza da Libbiano,2000
Luigi M. Faccini,Storia di una donna amata e di un assassino gentile,2009
Franco Piavoli,At the First Breath of Wind,2003
Pippo Delbono,Sangue,2013
Marco De Angelis and Antonio Di Trapani,Terra,2015
Yervant Gianikian and Angela Ricci Lucchi,Oh! Man,2004
Charlie Kaufman,"Synecdoche, New York",2008
David Lynch,Mulholland Drive,2001
Michel Gondry,Eternal Sunshine of the Spotless Mind,2004
Darren Aronofsky,Black Swan,2010
Rick Alverson,The Comedy,2012
Lars von Trier,Melancholia,2011
Quentin Tarantino,Inglourious Basterds,2009
Joel and Ethan Coen,Inside Llewyn Davis,2013
Jim Jarmusch,Only Lovers Left Alive,2013
Ari Folman,The Congress,2013
Paul Thomas Anderson,The Master,2012
Spike Lee,25th Hour,2002
Michael Winterbottom,24 Hour Party People,2002
David Lynch,Mulholland Drive,2001
Nuri Bilge Ceylan,Once Upon a Time in Anatolia,2011
David Fincher,Zodiac,2007
Joel and Ethan Coen,A Serious Man,2009
Tomas Alfredson,Tinker Tailor Soldier Spy,2011
Shane Carruth,Primer,2004
Wong Kar-wai,In the Mood for Love,2000
Peter Watkins,"La commune (Paris, 1871)", 2000
Apichatpong Weerasethakul,Uncle Boonmee Who Can Recall His Past Lives,2010
Wong Kar-wai,2046,2004
Spike Jonze,Adaptation,2002
Carlos Reygadas,Battle in Heaven,2005
Michael Haneke,Caché,2005
David Lynch,Inland Empire,2006
David Lynch,Mulholland Drive,2001
Raoul Ruiz,Mysteries of Lisbon,2010
Michel Gondry,Eternal Sunshine of the Spotless Mind,2004
Paul Thomas Anderson,There Will Be Blood,2007
David Lynch,Mulholland Drive,2001
Alfonso Cuarón,Children of Men,2006
Fernando Meirelles and Kátia Lund,City of God,2002
Guillermo Del Toro,"""Pans Labyrinth""",2006
Christopher Nolan,Inception,2010
Brad Bird,The Incredibles,2004
Alejandro González Iñárritu,Birdman,2014
Joel and Ethan Coen,No Country For Old Men,2007
Ang Lee,Brokeback Mountain,2005
Wong Kar-wai,In the Mood for Love,2000
Steve McQueen,12 Years a Slave,2013
Hayao Miyazaki,Spirited Away,2001
Andrea Arnold,Fish Tank,2009
Xavier Dolan,Mommy,2014
Pedro Almodóvar,Talk to Her,2002
Abderrahmane Sissako,Timbuktu,2014
Ava DuVernay,Selma,2014
Michael Haneke,The White Ribbon,2009
Lucrecia Martel,The Headless Woman,2008
Wes Anderson,The Royal Tenenbaums,2001
Todd Haynes,Far From Heaven,2002
Wes Anderson,Moonrise Kingdom,2012
Sofia Coppola,Lost in Translation,2003
Tom Ford,A Single Man,2009
Hayao Miyazaki,Spirited Away,2001
Lee Unkrich,Toy Story 3,2010
Michel Gondry,Eternal Sunshine of the Spotless Mind,2004
Luca Guadagnino,I Am Love,2009
Richard Kelly,Donnie Darko,2001
Paul Thomas Anderson,Inherent Vice,2014
Jean-Luc Godard,Film socialisme,2010
David Cronenberg,A History of Violence,2005
Evan Goldberg and Seth Rogen,This Is the End,2013
Sofia Coppola,Somewhere,2010
Leos Carax,Holy Motors,2012
Chantal Akerman,"""Almayers Folly""",2011
Joel and Ethan Coen,Inside Llewyn Davis,2013
Jacques Rivette,The Story of Marie and Julien,2003
Spike Lee,Bamboozled,2000
Richard Linklater,Boyhood,2014
Jonathan Glazer,Under the Skin,2013
Duke Johnson and Charlie Kaufman,Anomalisa,2015
Steve McQueen,12 Years a Slave,2013
"Eric Darnell, Tom McGrath and Conrad Vernon","""Madagascar 3: Europes Most Wanted""",2012
Mike Leigh,Another Year,2010
Julian Schnabel,The Diving Bell and the Butterfly,2007
Alfonso Cuarón,Children of Men,2006
David Fincher,The Social Network,2010
Asghar Farhadi,A Separation,2011
Andrew Stanton,WALL-E,2008
Wong Kar-wai,In the Mood for Love,2000
Hayao Miyazaki,Spirited Away,2001
Richard Linklater,Boyhood,2014
Nanni Moretti,"""The Sons Room""",2001
Mariano Llinás,Extraordinary Stories,2008
David Lynch,Mulholland Drive,2001
David Fincher,The Social Network,2010
Gus Van Sant,Elephant,2003
Apichatpong Weerasethakul,Uncle Boonmee Who Can Recall His Past Lives,2010
David Lynch,Mulholland Drive,2001
Pedro Almodóvar,Talk to Her,2002
Hou Hsiao-hsien,The Assassin,2015
Clint Eastwood,Million Dollar Baby,2004
Wong Kar-wai,In the Mood for Love,2000
Andrey Zvyagintsev,Leviathan,2014
Jia Zhangke,A Touch of Sin,2013
Nuri Bilge Ceylan,Distant,2002
Terrence Malick,The New World,2005
Jacques Audiard,A Prophet,2009
Abderrahmane Sissako,Timbuktu,2014
Abdellatif Kechiche,Blue Is the Warmest Color,2013
Ousmane Sembèène,Moolaadé,2004
Asghar Farhadi,A Separation,2011
Juan José Campanella,The Secret in Their Eyes,2009
Park Chan-wook,Oldboy,2003
Wong Kar-wai,In the Mood for Love,2000
Catherine Breillat,Fat Girl,2001
J. A. Bayona,The Orphanage,2007
Thomas Vinterberg,The Hunt,2012
Harmony Korine,Spring Breakers,2012
Guy Maddin,My Winnipeg,2007
Roman Polanski,The Ghost Writer,2010
Baz Luhrmann,Moulin Rouge!,2001
George Lucas,Star Wars: Episode III – Revenge of the Sith,2005
Pacho Velez and Stephanie Spray,Manakamana,2013
David Fincher,The Curious Case of Benjamin Button,2008
Roy Andersson,"You, The Living",2007
Bong Joon-ho,Mother,2009
Joel and Ethan Coen,A Serious Man,2009
Ousmane Sembène,Moolaadé,2004
Abderrahmane Sissako,Timbuktu,2014
Jihan El-Tahri,Cuba: An African Odyssey,2007
Mahamat-Saleh Haroun,"Sexe, gombo et beurre salé",2008
Ngozi Onwurah,Shoot the Messenger,2006
Bazi Gete,Red Leaves,2014
Jean-Marie Téno,The Colonial Misunderstanding,2004
Andrew Dosunmu,Restless City,2011
Khalo Matabane,Conversations on a Sunday Afternoon,2005
Amma Asante,Belle,2013
Darren Aronofsky,Requiem for a Dream,2000
Lars von Trier,Antichrist,2009
Alfonso Cuarón,Children of Men,2006
Jean-Pierre and Luc Dardenne,The Child,2005
Joel and Ethan Coen,No Country For Old Men,2007
Andrea Arnold,Fish Tank,2009
Terrence Malick,The Tree of Life,2011
Christopher Nolan,Inception,2010
Quentin Tarantino,Kill Bill: Vol. 1,2003
Gaspar Noé,Irreversible,2002
Michael Haneke,Amour,2012
Asghar Farhadi,A Separation,2011
Wong Kar-wai,In the Mood for Love,2000
Jacques Audiard,A Prophet,2009
Mira Nair,Monsoon Wedding,2001
László Nemes,Son of Saul,2015
Raam Reddy,Thithi,2015
Abdellatif Kechiche,Blue Is the Warmest Color,2013
Danis Tanovic,"""No Mans Land""",2001
Ari Folman,Waltz with Bashir,2008
Jean-Luc Godard,In Praise of Love,2001
Martin Scorsese,The Wolf of Wall Street,2013
Claude Lanzmann,The Last of the Unjust,2013
Abbas Kiarostami,Like Someone In Love,2012
Wes Anderson,The Grand Budapest Hotel,2014
Josephine Decker,Butter on the Latch,2013
Josh and Benny Safdie,Heaven Knows What,2014
Miranda July,The Future,2011
Leos Carax,Holy Motors,2012
Sara Fattahi,Coma,2015
Cristian Mungiu,"4 Months, 3 Weeks & 2 Days",2007
Wes Anderson,The Royal Tenenbaums,2001
Joel and Ethan Coen,No Country For Old Men,2007
Ari Folman,Waltz with Bashir,2008
Avi Nesher,The Matchmaker,2010
Joseph Cedar,Footnote,2011
Jean-Pierre and Luc Dardenne,The Son,2002
Wong Kar-wai,In the Mood for Love,2000
Kenneth Lonergan,You Can Count On Me,2000
Eytan Fox,Yossi & Jagger,2002
David Lynch,Mulholland Drive,2001
Paul Thomas Anderson,There Will Be Blood,2007
Joel and Ethan Coen,"O Brother, Where Art Thou?",2000
Hayao Miyazaki,Spirited Away,2001
Alfonso Cuarón,Children of Men,2006
Wong Kar-wai,In the Mood for Love,2000
Jennifer Kent,The Babadook,2014
Asghar Farhadi,A Separation,2011
Michael Haneke,Caché,2005
Richard Linklater,Boyhood,2014
Michael Haneke,The White Ribbon,2009
Wong Kar-wai,In the Mood for Love,2000
Kim Ki-duk,"Spring, Summer, Fall, Winter…and Spring",2003
Lars von Trier,Melancholia,2011
Gus Van Sant,Elephant,2003
Aleksandr Sokurov,Russian Ark,2002
Fernando Meirelles and Kátia Lund,City of God,2002
Jacques Audiard,A Prophet,2009
Cristian Mungiu,"4 Months, 3 Weeks & 2 Days",2007
Pete Docter,Inside Out,2015
Joel and Ethan Coen,Inside Llewyn Davis,2013
Vincent Paronnaud and Marjane Satrapi,Persepolis,2007
Andrea Arnold,Fish Tank,2009
Guillermo Del Toro,"""Pans Labyrinth""",2006
Wong Kar-wai,In the Mood for Love,2000
Hayao Miyazaki,Spirited Away,2001
George Miller,Mad Max: Fury Road,2015
Joe Cornish,Attack the Block,2011
Michel Gondry,Eternal Sunshine of the Spotless Mind,2004
Wes Anderson,The Royal Tenenbaums,2001
Juan José Campanella,The Secret in Their Eyes,2009
Richard Linklater,Before Sunset,2004
Michel Gondry,Eternal Sunshine of the Spotless Mind,2004
Brad Bird and Jan Pinkava,Ratatouille,2007
Sarah Polley,Stories We Tell,2012
Guillermo Del Toro,"""Pans Labyrinth""",2006
Alejandro González Iñárritu,Amores Perros,2000
Asghar Farhadi,A Separation,2011
Steven Spielberg,Minority Report,2002
Baz Luhrmann,Moulin Rouge!,2001
David Lynch,Mulholland Drive,2001
Terrence Malick,The Tree of Life,2011
Wong Kar-wai,In the Mood for Love,2000
Richard Linklater,Boyhood,2014
Lee Chang-dong,Secret Sunshine,2007
David Fincher,Zodiac,2007
Christopher Nolan,The Dark Knight,2008
Jean-Pierre and Luc Dardenne,The Son,2002
Ang Lee,Brokeback Mountain,2005
Claire Denis,35 Shots of Rum,2008
Tommy Lee Jones,The Three Burials of Melquiades Estrada,2005
Paul Thomas Anderson,There Will Be Blood,2007
Asghar Farhadi,A Separation,2011
Alejandro González Iñárritu,Birdman,2014
Takeshi Kitano,The Blind Swordsman: Zatoichi,2003
Xavier Dolan,Mommy,2014
Lars von Trier,Dancer in the Dark,2000
Alain Gomis,Tey,2012
Ken Loach,Sweet Sixteen,2002
Newton I. Aduaka,Ezra,2007
Joel and Ethan Coen,No Country For Old Men,2007
Richard Linklater,Boyhood,2014
David Lynch,Mulholland Drive,2001
Cameron Crowe,Almost Famous,2000
Charlie Kaufman,"Synecdoche, New York",2008
Guillermo Del Toro,"""Pans Labyrinth""",2006
Steven Spielberg,Minority Report,2002
David Fincher,The Social Network,2010
Terrence Malick,The Tree of Life,2011
Bong Joon-ho,Memories of Murder,2003
David Lynch,Mulholland Drive,2001
Apichatpong Weerasethakul,Tropical Malady,2004
Hayao Miyazaki,Spirited Away,2001
Jonathan Glazer,Under the Skin,2013
Aleksey German,Hard to Be a God,2013
George Miller,Mad Max: Fury Road,2015
Paul Thomas Anderson,There Will Be Blood,2007
Sofia Coppola,Lost in Translation,2003
Larry Charles,Borat: Cultural Learnings of America for Make Benefit Glorious Nation of Kazakhstan,2006
Roy Andersson,"You, The Living",2007
George Miller,Mad Max: Fury Road,2015
Sofia Coppola,Lost in Translation,2003
Tomas Alfredson,Let the Right One In,2008
Harmony Korine,Spring Breakers,2012
Alfonso Cuarón,Children of Men,2006
Don Hertzfeldt,World of Tomorrow,2015
Alex Garland,Ex Machina,2015
Joss Whedon,The Avengers,2012
Spike Jonze,Her,2013
Quentin Tarantino,Kill Bill: Vol. 2,2004
Edward Yang,Yi Yi: A One and a Two,2000
David Lynch,Mulholland Drive,2001
Alfonso Cuarón,Children of Men,2006
Kenneth Lonergan,Manchester by the Sea,2016
Spike Jonze,Adaptation,2002
Bong Joon-ho,The Host,2006
Neill Blomkamp,District 9,2009
Fernando Meirelles and Kátia Lund,City of God,2002
Whit Stillman,Love & Friendship,2016
Nuri Bilge Ceylan,Distant,2002
Kim Ki-duk,3-Iron,2004
Edward Yang,Yi Yi: A One and a Two,2000
David Lynch,Mulholland Drive,2001
Apichatpong Weerasethakul,Syndromes and a Century,2006
Lav Diaz,Evolution of a Filipino Family,2004
Kiyoshi Kurosawa,Pulse,2001
Werner Herzog,Cave of Forgotten Dreams,2010
Takahisa Zeze,"""Heavens Story""",2010
Lav Diaz,"Norte, the End of History",2013
Hayao Miyazaki,Spirited Away,2001
Ang Lee,"Crouching Tiger, Hidden Dragon",2000
Paul Thomas Anderson,There Will Be Blood,2007
Roman Polanski,The Pianist,2002
Steven Spielberg,Lincoln,2012
Ang Lee,Life of Pi,2012
Clint Eastwood,Mystic River,2003
László Nemes,Son of Saul,2015
David O. Russell,American Hustle,2013
Michael Haneke,The White Ribbon,2009
Susanne Bier,After the Wedding,2006
Michel Gondry,Eternal Sunshine of the Spotless Mind,2004
Richard Linklater,Boyhood,2014
Christopher Nolan,Memento,2000
Paul Thomas Anderson,There Will Be Blood,2007
Christopher Nolan,The Dark Knight,2008
Joel and Ethan Coen,Inside Llewyn Davis,2013
Andrew Stanton,Finding Nemo,2003
George Miller,Mad Max: Fury Road,2015
Quentin Tarantino,Inglourious Basterds,2009
Alfonso Cuarón,Gravity,2013
Terrence Malick,The Tree of Life,2011
Edward Yang,Yi Yi: A One and a Two,2000
Lee Chang-dong,Secret Sunshine,2007
Michel Gondry,Eternal Sunshine of the Spotless Mind,2004
Michael Haneke,Amour,2012
Luca Guadagnino,I Am Love,2009
László Nemes,Son of Saul,2015
Andrew Stanton,WALL-E,2008
Jørgen Leth and Lars von Trier,The Five Obstructions,2003
Larry Charles,Borat: Cultural Learnings of America for Make Benefit Glorious Nation of Kazakhstan,2006
Wong Kar-wai,In the Mood for Love,2000
Paweł Pawlikowski,Ida,2013
Richard Linklater,Boyhood,2014
László Nemes,Son of Saul,2015
Hirokazu Koreeda,Nobody Knows,2004
Pedro Almodóvar,Talk to Her,2002
Alejandro González Iñárritu,Amores Perros,2000
Damián Szifrón,Wild Tales,2014
Bouli Lanners,Eldorado,2008
Xavier Dolan,Mommy,2014
John Akomfrah,The Stuart Hall Project,2013
Apichatpong Weerasethakul,Uncle Boonmee Who Can Recall His Past Lives,2010
Khalo Matabane,A Letter to Nelson Mandela,2013
Abderrahmane Sissako,Waiting for Happiness,2002
Judy Kibinge,Something Necessary,2013
Ousmane Sembène,Moolaadé,2004
Samba Gadjigo and Jason Silverman,Sembène!,2015
Emad Burnat and Guy Davidi,5 Broken Cameras,2011
Nanfu Wang,Hooligan Sparrow,2016
"Boo Junfeng, Eric Khoo, Jack Neo, K. Rajagopal, Tan Pin Pin, Royston Tan and Kelvin Tong",7 Letters,2015
Charlie Kaufman,"Synecdoche, New York",2008
Ang Lee,Brokeback Mountain,2005
Andrew Haigh,Weekend,2011
Cristian Mungiu,"4 Months, 3 Weeks & 2 Days",2007
Hayao Miyazaki,Spirited Away,2001
David France,How to Survive a Plague,2012
Pedro Almodóvar,Talk to Her,2002
Robert Pulcini and Shari Springer Berman,American Splendor,2003
Wong Kar-wai,In the Mood for Love,2000
Todd Haynes,Far From Heaven,2002
Terrence Malick,The Tree of Life,2011
George Miller,Mad Max: Fury Road,2015
Spike Lee,25th Hour,2002
Travis Wilkerson,An Injury to One,2002
Gina Prince-Bythewood,Love & Basketball,2000
Wong Kar-wai,In the Mood for Love,2000
Abderrahmane Sissako,Timbuktu,2014
Nuri Bilge Ceylan,Once Upon a Time in Anatolia,2011
Don Hertzfeldt,"""Its Such a Beautiful Day""",2012
Robert Greene,Actress,2014
Sofia Coppola,Lost in Translation,2003
Todd Haynes,Carol,2015
Edward Yang,Yi Yi: A One and a Two,2000
Lars von Trier,Dancer in the Dark,2000
Abbas Kiarostami,Certified Copy,2010
Hayao Miyazaki,The Wind Rises,2013
Don Hertzfeldt,World of Tomorrow,2015
David Lynch,Mulholland Drive,2001
Claire Denis,35 Shots of Rum,2008
Jacob Krupnick,Girl Walk: All Day,2011
Joel and Ethan Coen,Inside Llewyn Davis,2013
Cameron Crowe,Almost Famous,2000
Michael Mann,Collateral,2004
John Crowley,Brooklyn,2015
Dan Gilroy,Nightcrawler,2014
Jeff Nichols,Take Shelter,2011
Wes Anderson,Fantastic Mr Fox,2009
Asif Kapadia,Senna,2010
Noah Baumbach,Frances Ha,2012
Yorgos Lanthimos,Dogtooth,2009
Roy Andersson,A Pigeon Sat on a Branch Reflecting on Existence,2014
Joshua Oppenheimer,The Act of Killing,2012
Yorgos Lanthimos,Dogtooth,2009
Andrzej Wajda,Katyn,2007
Kim Ki-duk,3-Iron,2004
Michael Haneke,Caché,2005
David Lynch,Mulholland Drive,2001
Ari Folman,The Congress,2013
Park Chan-wook,Sympathy for Mr Vengeance,2002
Charlie Kaufman,"Synecdoche, New York",2008
Edward Yang,Yi Yi: A One and a Two,2000
Paul Thomas Anderson,There Will Be Blood,2007
Richard Linklater,Boyhood,2014
Jia Zhangke,Still Life,2006
Joanna Hogg,Archipelago,2010
Lucrecia Martel,The Headless Woman,2008
Joshua Oppenheimer,The Act of Killing,2012
Michael Haneke,Caché,2005
Elia Suleiman,Divine Intervention,2002
Jafar Panahi,Crimson Gold,2003
David Fincher,Zodiac,2007
Joel and Ethan Coen,Inside Llewyn Davis,2013
Paul Thomas Anderson,There Will Be Blood,2007
Sam Raimi,Spider-Man 2,2004
Park Chan-wook,Oldboy,2003
Quentin Tarantino,Inglourious Basterds,2009
Chris Buck and Jennifer Lee,Frozen,2013
Spike Lee,25th Hour,2002
Darren Aronofsky,Requiem for a Dream,2000
Edgar Wright,Shaun of the Dead,2004
Paul Thomas Anderson,There Will Be Blood,2007
Cristian Mungiu,"4 Months, 3 Weeks & 2 Days",2007
Edward Yang,Yi Yi: A One and a Two,2000
Steve McQueen,Shame,2011
Richard Linklater,Boyhood,2014
David Fincher,The Social Network,2010
Kenneth Lonergan,Manchester by the Sea,2016
David Lynch,Mulholland Drive,2001
Fatih Akin,Head-On,2004
Wong Kar-wai,In the Mood for Love,2000
Alexander Payne,Sideways,2004
David Fincher,The Social Network,2010
Charlie Kaufman,"Synecdoche, New York",2008
Julian Schnabel,The Diving Bell and the Butterfly,2007
Lars von Trier,Dogville,2003
Destin Daniel Cretton,Short Term 12,2013
Andrew Stanton,WALL-E,2008
Derek Cianfrance,Blue Valentine,2010
Noah Baumbach,The Squid and the Whale,2005
Joel and Ethan Coen,A Serious Man,2009
Clint Eastwood,Jersey Boys,2014
Baz Luhrmann,Moulin Rouge!,2001
Fabián Bielinsky,Nine Queens,2000
Nanni Moretti,Mia Madre,2015
Hong Sang-soo,"Right Now, Wrong Then",2015
Lee Unkrich,Toy Story 3,2010
George Miller,Mad Max: Fury Road,2015
Hayao Miyazaki,Spirited Away,2001
Greg Mottola,Adventureland,2009
Kevin Costner,Open Range,2003
Jia Zhangke,The World,2004
John Gianvito,Profit Motive and the Whispering Wind,2007
Quentin Tarantino,Inglourious Basterds,2009
Kiyoshi Kurosawa,Pulse,2001
Apichatpong Weerasethakul,Syndromes and a Century,2006
Frederick Wiseman,In Jackson Heights,2015
Charlie Kaufman,"Synecdoche, New York",2008
Sion Sono,Love Exposure,2008
Terrence Malick,The Tree of Life,2011
Martin Campbell,Casino Royale,2006
Park Chan-wook,Oldboy,2003
Alfonso Cuarón,Children of Men,2006
David Lynch,Mulholland Drive,2001
Juan José Campanella,The Secret in Their Eyes,2009
Denis Villeneuve,Sicario,2015
Pablo Larraín,No,2012
Richard Kelly,Donnie Darko,2001
Michel Gondry,Eternal Sunshine of the Spotless Mind,2004
David Fincher,The Social Network,2010
Damien Chazelle,Whiplash,2014
Alex Garland,Ex Machina,2015
Pete Docter,Inside Out,2015
David Michôd,Animal Kingdom,2010
Mel Gibson,Apocalypto,2006
Nuri Bilge Ceylan,Three Monkeys,2008
Andrew Stanton,WALL-E,2008
Stevan Riley,Listen to Me Marlon,2015
Cristian Mungiu,"4 Months, 3 Weeks & 2 Days",2007
Adam McKay,Talladega Nights: The Ballad of Ricky Bobby,2006
Ermanno Olmi,Centochiodi,2007
Paul Greengrass,United 93,2006
David Fincher,Zodiac,2007
Paul Feig,Bridesmaids,2011
Andrew Stanton,WALL-E,2008
John Crowley,Brooklyn,2015
Joshua Oppenheimer,The Look of Silence,2014
Paul Thomas Anderson,Punch-Drunk Love,2002
Steve McQueen,12 Years a Slave,2013
Michel Gondry,Eternal Sunshine of the Spotless Mind,2004
Lynne Ramsay,We Need to Talk About Kevin,2011
Todd Haynes,Far From Heaven,2002
Miguel Arteta,Chuck & Buck,2000
Ridley Scott,Gladiator,2000
Adam Curtis,The Century of the Self,2002
Baz Luhrmann,Moulin Rouge!,2001
Steven Spielberg,Munich,2005
Martin Campbell,Casino Royale,2006
Lukas Moodysson,Lilya 4-Ever,2002
Alexander Payne,Sideways,2004
Quentin Tarantino,Inglourious Basterds,2009
David Lynch,Mulholland Drive,2001
Wong Kar-wai,In the Mood for Love,2000
Terrence Malick,The New World,2005
Abbas Kiarostami,Certified Copy,2010
Brian De Palma,Femme Fatale,2002
Kenneth Lonergan,Margaret,2011
Jonathan Glazer,Under the Skin,2013
Mojtaba Mirtahmasb and Jafar Panahi,This Is Not a Film,2011
James Gray,Two Lovers,2008
Laurie Anderson,Heart of a Dog,2015
Wong Kar-wai,In the Mood for Love,2000
Cristian Mungiu,"4 Months, 3 Weeks & 2 Days",2007
Asghar Farhadi,A Separation,2011
László Nemes,Son of Saul,2015
Gus Van Sant,Elephant,2003
Jacques Audiard,A Prophet,2009
Paul Thomas Anderson,There Will Be Blood,2007
Florian Henckel von Donnersmarck,The Lives of Others,2006
Noah Baumbach,Frances Ha,2012
Michel Gondry,Eternal Sunshine of the Spotless Mind,2004
Béla Tarr and Ágnes Hranitzky,Werckmeister Harmonies,2000
Joshua Oppenheimer,The Act of Killing,2012
Claire Denis,White Material,2009
Jean-Gabriel Périot,Even If She Had Been a Criminal...,2006
Harmony Korine,Spring Breakers,2012
Wong Kar-wai,In the Mood for Love,2000
Alain Guiraudie,Stranger by the Lake,2013
Pedro Costa,Colossal Youth,2006
Albert Serra,Story of My Death,2013
Cristi Puiu,Aurora,2010
Lars von Trier,Dogville,2003
David Fincher,Zodiac,2007
Paul Thomas Anderson,There Will Be Blood,2007
Joel and Ethan Coen,Inside Llewyn Davis,2013
Edward Yang,Yi Yi: A One and a Two,2000
Béla Tarr and Ágnes Hranitzky,The Turin Horse,2011
Paul Thomas Anderson,The Master,2012
Don Hertzfeldt,"""Its Such a Beautiful Day""",2012
Richard Linklater,Boyhood,2014
Martin Scorsese,Shutter Island,2010
Ingmar Bergman,Saraband,2003
Christopher Nolan,Memento,2000
Abdellatif Kechiche,Blue Is the Warmest Color,2013
Andrey Zvyagintsev,The Return,2003
Michael Haneke,Amour,2012
David Lynch,Mulholland Drive,2001
Ulrich Seidl,Import Export,2007
László Nemes,Son of Saul,2015
Quentin Tarantino,Kill Bill: Vol. 1,2003
Alejandro González Iñárritu,The Revenant,2015
Apichatpong Weerasethakul,Tropical Malady,2004
David Lynch,Mulholland Drive,2001
Béla Tarr and Ágnes Hranitzky,The Turin Horse,2011
Wang Bing,Tie Xi Qu: West of the Tracks,2002
Alain Cavalier,Le filmeur,2005
Leos Carax,Holy Motors,2012
Gus Van Sant,Elephant,2003
Jia Zhangke,A Touch of Sin,2013
Guillermo Del Toro,"""Pans Labyrinth""",2006
Hayao Miyazaki,Spirited Away,2001
Terrence Malick,The New World,2005
Ken Jacobs,Capitalism: Child Labor,2007
Phil Solomon,"""Psalm III: Night of the Meek""",2002
Jean-Luc Godard,Goodbye to Language,2014
Lewis Klahr,Daylight Moon,2002
Park Chan-wook,Oldboy,2003
Ernie Gehr,"A Commuter’s Life (What a Life!)",2014
Janie Geiser,The Fourth Watch,2000
Nikolaus Geyrhalter,Our Daily Bread,2005
Jia Zhangke,The World,2004
Rajat Kapoor,Ankhon Dekhi,2013
Chaitanya Tamhane,Court,2014
Dibakar Banerjee,"LSD: Love, Sex Aur Dhokha",2010
Mira Nair,Monsoon Wedding,2001
Anurag Kashyap,Dev D,2009
Tigmanshu Dhulia,Paan Singh Tomar,2012
Vikramaditya Motwane,Udaan,2010
Sudhir Mishra,Hazaaron Khwaishein Aisi,2003
Vishal Bhardwaj,Maqbool,2003
Ashutosh Gowariker,Lagaan: Once Upon a Time in India,2001
Paul Thomas Anderson,There Will Be Blood,2007
David Lynch,Mulholland Drive,2001
Steven Spielberg,AI: Artificial Intelligence,2001
Abdellatif Kechiche,Blue Is the Warmest Color,2013
Hayao Miyazaki,Spirited Away,2001
Nuri Bilge Ceylan,Once Upon a Time in Anatolia,2011
Wong Kar-wai,In the Mood for Love,2000
Éric Rohmer,The Lady and the Duke,2001
Edward Yang,Yi Yi: A One and a Two,2000
Aleksey Fedorchenko,Silent Souls,2010
Charlie Kaufman,"Synecdoche, New York",2008
Michel Gondry,Eternal Sunshine of the Spotless Mind,2004
Richard Linklater,Boyhood,2014
George Miller,Mad Max: Fury Road,2015
Miranda July,Me and You and Everyone We Know,2005
David Fincher,Gone Girl,2014
Joel and Ethan Coen,Inside Llewyn Davis,2013
Jim Jarmusch,Only Lovers Left Alive,2013
Ava DuVernay,Selma,2014
Michael Bay,Pain & Gain,2013
Pete Docter,Inside Out,2015
Spike Lee,When the Levees Broke: A Requiem in Four Acts,2006
Sarah Polley,Stories We Tell,2012
Spike Jonze,Her,2013
Alfonso Cuarón,Children of Men,2006
Richard Linklater,Before Midnight,2013
Joshua Oppenheimer,The Look of Silence,2014
Ryan Coogler,Fruitvale Station,2013
Gina Prince-Bythewood,Love & Basketball,2000
Rian Johnson,Brick,2005
Tsai Ming-liang,Stray Dogs,2013
Asghar Farhadi,A Separation,2011
Kenneth Lonergan,Margaret,2011
Abbas Kiarostami,Ten,2002
Claire Denis,35 Shots of Rum,2008
Jafar Panahi,Closed Curtain,2013
Sean Baker,Tangerine,2015
Wes Anderson,The Royal Tenenbaums,2001
Harmony Korine,Spring Breakers,2012
Apichatpong Weerasethakul,Uncle Boonmee Who Can Recall His Past Lives,2010
Jean-Luc Godard,Notre musique,2004
Éric Rohmer,Triple Agent,2004
Hou Hsiao-hsien,The Assassin,2015
Clint Eastwood,Gran Torino,2008
Pedro Costa,Horse Money,2014
Wes Anderson,Fantastic Mr Fox,2012
Leos Carax,Holy Motors,2012
Quentin Tarantino,Death Proof – Grindhouse,2007
Tony Scott,Déjà Vu,2006
Kiyoshi Kurosawa,Seventh Code,2013
Abderrahmane Sissako,Waiting for Happiness,2002
Michael Haneke,The White Ribbon,2009
Carol Morley,Dreams of a Life,2011
Alain Gomis,Tey,2012
Agnès Varda,The Gleaners and I,2000
Raoul Peck,Lumumba,2000
Steve McQueen,Hunger,2008
Ryan Coogler,Fruitvale Station,2013
Gabriela Pichler,"Eat, Sleep, Die",2012
Ava DuVernay,Middle of Nowhere,2012
Joel and Ethan Coen,A Serious Man,2009
Joel and Ethan Coen,Inside Llewyn Davis,2013
J. J. Abrams,Star Trek,2009
Richard Linklater,Waking Life,2001
Paweł Pawlikowski,Ida,2013
Gaspar Noé,Enter the Void,2009
Paul Thomas Anderson,There Will Be Blood,2007
Xavier Beauvois,Of Gods and Men,2010
Philip Gröning,Into Great Silence,2005
Larry Charles,Borat: Cultural Learnings of America for Make Benefit Glorious Nation of Kazakhstan,2006
David Fincher,The Social Network,2010
Richard Linklater,Boyhood,2014
Alexander Payne,The Descendants,2011
Benh Zeitlin,Beasts of the Southern Wild,2012
Joel and Ethan Coen,No Country For Old Men,2007
Mike Judge,Idiocracy,2006
Paul Feig,Bridesmaids,2011
Harmony Korine,Spring Breakers,2012
Mary Harron,American Psycho,2000
Christopher Nolan,The Dark Knight,2008
Alfonso Cuarón,Children of Men,2006
Paul Thomas Anderson,There Will Be Blood,2007
Kathryn Bigelow,The Hurt Locker,2008
Cristian Mungiu,"4 Months, 3 Weeks & 2 Days",2007
Michel Gondry,Eternal Sunshine of the Spotless Mind,2004
Richard Linklater,Boyhood,2014
Sofia Coppola,Lost in Translation,2003
Tony Gilroy,Michael Clayton,2007
Kenneth Lonergan,You Can Count on Me Me,2000
Andrew Stanton and Lee Unkrich,Finding Nemo,2003
Gerhard Benedikt Friedl,Wolff Von Amerongen: Did He Commit Bankruptcy Offences?,2004
Paul Thomas Anderson,The Master,2012
Valeska Grisebach,Longing,2006
Todd Haynes,I’m Not There,2007
David OReilly,The External World,2010
Lee Chang-dong,Secret Sunshine,2007
Maren Ade,Toni Erdmann,2016
Jia Zhangke,Platform,2000
Lucrecia Martel,The Holy Girl,2004
Norbert Pfaffenbichler,Mosaik mécanique,2008
Richard Linklater,Boyhood,2014
Leos Carax,Holy Motors,2012
Terrence Malick,The Tree of Life,2011
Wong Kar-wai,In the Mood for Love,2000
Joel and Ethan Coen,Inside Llewyn Davis,2013
Abbas Kiarostami,Certified Copy,2010
Christopher Nolan,Memento,2000
Alfonso Cuarón,Y Tu Mamá También,2001
David Lynch,Mulholland Drive,2001
David Cronenberg,A History of Violence,2005
George Clooney,Good Night and Good Luck,2005
Martin Scorsese,Hugo,2011
Paweł Pawlikowski,Ida,2013
Asghar Farhadi,A Separation,2011
Michael Haneke,Amour,2012
Joshua Oppenheimer,The Act of Killing,2012
Philip Kaufman,Quills,2000
Wayne Blair,The Sapphires,2012
Nadine Labaki,Where Do We Go Now?,2011
Scandar Copti and Yaron Shani,Ajami,2009
Christopher Nolan,The Dark Knight,2008
Christopher Nolan,Inception,2010
Zhang Yimou,Hero,2002
Quentin Tarantino,Inglourious Basterds,2009
Martin Scorsese,The Wolf of Wall Street,2013
Shimit Amin,Chakde! India,2007
Wong Kar-wai,In the Mood for Love,2000
Joel and Ethan Coen,No Country For Old Men,2007
Vishal Bhardwaj,Maqbool,2003
Florian Henckel von Donnersmarck,The Lives of Others,2006
Roman Polanski,The Pianist,2002
Jim Jarmusch,Only Lovers Left Alive,2013
Apichatpong Weerasethakul,Uncle Boonmee Who Can Recall His Past Lives,2010
Andrey Zvyagintsev,Leviathan,2014
Jean-Pierre Jeunet,Amélie,2001
James Cameron,Avatar,2009
Terrence Malick,The Tree of Life,2011
Roy Andersson,A Pigeon Sat on a Branch Reflecting on Existence,2014
Richard Linklater,Boyhood,2014
Zhang Yimou,Coming Home,2014
Joshua Oppenheimer,The Act of Killing,2012
Michael Haneke,Caché,2005
Charlie Kaufman,"Synecdoche, New York",2008
Hayao Miyazaki,Spirited Away,2001
Andrew Stanton,WALL-E,2008
Apichatpong Weerasethakul,Uncle Boonmee Who Can Recall His Past Lives,2010
Sofia Coppola,Lost in Translation,2003
Pedro Almodóvar,Talk to Her,2002
Darren Aronofsky,The Wrestler,2008
Richard Linklater,Boyhood,2014
Wong Kar-wai,In the Mood for Love,2000
Michael Haneke,Caché,2005
Edward Yang,Yi Yi: A One and a Two,2000
Kathryn Bigelow,Zero Dark Thirty,2012
Nuri Bilge Ceylan,Once Upon a Time in Anatolia,2011
Claire Denis,White Material,2009
Paul Thomas Anderson,There Will Be Blood,2007
Joshua Oppenheimer,The Look of Silence,2014
Béla Tarr and Ágnes Hranitzky,The Turin Horse,2011
Paolo Sorrentino,The Great Beauty,2013
Terrence Malick,The Tree of Life,2011
Mia Hansen-Løve,Eden,2014
Paul Thomas Anderson,Punch-Drunk Love,2002
Terry Zwigoff,Ghost World,2001
Miguel Gomes,Tabu,2012
Kelly Reichardt,Wendy and Lucy,2008
Lucrecia Martel,The Headless Woman,2008
Maren Ade,Everyone Else,2009
Hou Hsiao-hsien,Millennium Mambo,2001
Pedro Costa,In Vanda’s Room,2000
Paul Thomas Anderson,The Master,2012
Terrence Malick,The Tree of Life,2011
David Fincher,Zodiac,2007
Maren Ade,Toni Erdmann,2016
Paul Thomas Anderson,There Will Be Blood,2007
Arnaud Desplechin,My Golden Days,2015
Olivier Assayas,Carlos,2010
Joel and Ethan Coen,A Serious Man,2009
Wes Anderson,Moonrise Kingdom,2012
Jean-Pierre and Luc Dardenne,The Son,2002
Lucrecia Martel,The Headless Woman,2008
Hayao Miyazaki,Spirited Away,2001
David Lynch,Mulholland Drive,2001
Víctor Gaviria,Sumas y Restas,2004
Pete Docter,Inside Out,2015
Agnès Varda,The Gleaners and I,2000
Andrey Zvyagintsev,The Return,2003
Philippe Garrel,Regular Lovers,2005
Jonathan Glazer,Under the Skin,2013
Jean-Charles Fitoussi,The Days When I Do Not Exist,2002
Terrence Malick,The Tree of Life,2011
Leos Carax,Holy Motors,2012
Miguel Gomes,Tabu,2012
David Cronenberg,A History of Violence,2005
Apichatpong Weerasethakul,Tropical Malady,2004
Cristi Puiu,The Death of Mr Lazarescu,2005
Christian Petzold,Phoenix,2014
Jia Zhangke,Platform,2000
Jonas Mekas,As I Was Moving Ahead Occasionally I Saw Brief Glimpses of Beauty,2000
Lee Chang-dong,Secret Sunshine,2007
Sofia Coppola,Lost in Translation,2003
David O. Russell,Silver Linings Playbook,2012
John Crowley,Brooklyn,2015
Tony Gilroy,Michael Clayton,2007
Derek Cianfrance,Blue Valentine,2010
Jean-Pierre Jeunet,Amélie,2001
Michel Hazanavicius,The Artist,2011
Tom Hooper,The King’s Speech,2010
Mike Leigh,Vera Drake,2004
Jean-Marc Vallée,Wild,2014
Naji Abou Nowar,Theeb,2014
Bahman Ghobadi,A Time for Drunken Horses,2000
Park Chan-wook,Oldboy,2003
Damián Szifrón,Wild Tales,2014
James Marsch,Man on Wire,2008
Jim Jarmusch,Only Lovers Left Alive,2013
Quentin Tarantino,Kill Bill: Vol. 1,2003
Wes Anderson,The Royal Tenenbaums,2001
Rachid Bouchareb,Days of Glory,2006
Fernando Meirelles and Kátia Lund,City of God,2002
Aleksey German,Hard to Be a God,2013
Andrzej Zulawski,Cosmos,2015
Joel and Ethan Coen,Inside Llewyn Davis,2013
Olivier Assayas,Carlos,2010
Steven Soderbergh,Che,2008
Paul Thomas Anderson,The Master,2012
Paul Thomas Anderson,There Will Be Blood,2007
Claire Denis,The Intruder,2004
Lynne Ramsay,Morvern Callar,2002
Spike Lee,25th Hour,2002
Wong Kar-wai,In the Mood for Love,2000
Lars von Trier,Dogville,2003
Abbas Kiarostami,Ten,2002
Michael Haneke,The White Ribbon,2009
Jafar Panahi,The Circle,2000
Pedro Almodóvar,Bad Education,2005
Jacques Audiard,Rust and Bone,2012
François Ozon,5x2,2004
Aleksandr Sokurov,Russian Ark,2002
Todd Haynes,Far From Heaven,2002
Claude Lanzmann,The Last of the Unjust,2013
Nuri Bilge Ceylan,Once Upon a Time in Anatolia,2011
Cristian Mungiu,"4 Months, 3 Weeks & 2 Days",2007
Corneliu Porumboiu,"Police, Adjective",2009
Todd Haynes,Far From Heaven,2002
Roman Polanski,The Pianist,2002
Nuri Bilge Ceylan,Winter Sleep,2014
Ang Lee,Brokeback Mountain,2005
Asghar Farhadi,A Separation,2011
Jean-Luc Godard,Goodbye to Language,2014
Richard Linklater,Boyhood,2014
Leos Carax,Holy Motors,2012
Michel Gondry,Eternal Sunshine of the Spotless Mind,2004
Apichatpong Weerasethakul,Uncle Boonmee Who Can Recall His Past Lives,2010
Gaspar Noé,Enter the Void,2009
László Nemes,Son of Saul,2015
Andrey Zvyagintsev,Leviathan,2014
Joshua Oppenheimer,The Act of Killing,2012
Steve McQueen,12 Years a Slave,2013
Mike Judge,Idiocracy,2006
Hayao Miyazaki,Spirited Away,2001
Edward Yang,Yi Yi: A One and a Two,2000
Richard Linklater,Before Sunset,2004
Kenneth Lonergan,You Can Count On Me,2000
Pete Docter,Inside Out,2015
Lynne Ramsay,Morvern Callar,2012
Sarah Polley,Stories We Tell,2012
David Michôd,Animal Kingdom,2010
Joe Cornish,Attack the Block,2011
Jeff Tremaine,Jackass 3D,2010
David Lynch,Mulholland Drive,2001
Steven Spielberg,AI: Artificial Intelligence,2001
Terrence Malick,The Tree of Life,2011
Apichatpong Weerasethakul,Syndromes and a Century,2006
Tsai Ming-liang,What Time Is It There?,2001
Claire Denis,The Intruder,2004
Jean-Pierre and Luc Dardenne,The Son,2002
Richard Linklater,Before Sunset,2004
Lucrecia Martel,The Headless Woman,2008
Brian De Palma,Femme Fatale,2002
Asghar Farhadi,A Separation,2011
John Crowley,Brooklyn,2015
Joel and Ethan Coen,Inside Llewyn Davis,2013
Kenneth Lonergan,You Can Count On Me,2000
Mike Leigh,Vera Drake,2004
Clint Eastwood,Letters From Iwo Jima,2006
Alexander Payne,Nebraska,2013
Peter Mullan,The Magdalene Sisters,2002
Sarah Polley,Stories We Tell,2012
Mia Hansen-Løve,Father of My Children,2009
Florian Henckel von Donnersmarck,The Lives of Others,2006
Joshua Oppenheimer,The Act of Killing,2012
Andrea Arnold,Fish Tank,2009
George Clooney,Good Night and Good Luck,2005
Michael Haneke,The White Ribbon,2009
Paolo Sorrentino,The Consequences of Love,2004
Joel and Ethan Coen,No Country For Old Men,2007
Asghar Farhadi,A Separation,2011
Brad Bird and Jan Pinkava,Ratatouille,2007
Wong Kar-wai,In the Mood for Love,2000
Alfonso Cuarón,Children of Men,2006
Joel and Ethan Coen,No Country For Old Men,2007
Richard Linklater,Before Sunset,2004
Olivier Assayas,Summer Hours,2008
Michel Gondry,Eternal Sunshine of the Spotless Mind,2004
David Wain,Wet Hot American Summer,2001
Robert Zemeckis,Cast Away,2000
Michael Haneke,Caché,2005
Steven Soderbergh,Traffic,2000
Andrew Haigh,Weekend,2011
Edward Yang,Yi Yi: A One and a Two,2000
Hou Hsiao-hsien,Café Lumière,2003
Cristian Mungiu,"4 Months, 3 Weeks & 2 Days",2007
Michael Haneke,The White Ribbon,2009
Wong Kar-wai,In the Mood for Love,2000
Satoshi Kon,Millennium Actress,2001
Hayao Miyazaki,Spirited Away,2001
Asghar Farhadi,A Separation,2011
Claire Denis,35 Shots of Rum,2008
Maren Ade,Toni Erdmann,2016
Wes Anderson,The Grand Budapest Hotel,2014
John Crowley,Brooklyn,2015
George Miller,Mad Max: Fury Road,2015
Guillermo Del Toro,"""Pans Labyrinth""",2006
Terry George,Hotel Rwanda,2004
David O. Russell,Silver Linings Playbook,2012
Alejandro González Iñárritu,Birdman,2014
Christopher Nolan,Inception,2010
David Fincher,The Curious Case of Benjamin Button,2008
Quentin Tarantino,Inglourious Basterds,2009
Baz Luhrmann,Moulin Rouge!,2001
Claire Denis,White Material,2009
Jonathan Glazer,Birth,2004
Michel Gondry,Eternal Sunshine of the Spotless Mind,2004
Pedro Almodóvar,Talk to Her,2002
Kelly Reichardt,Wendy and Lucy,2008
Hayao Miyazaki,Spirited Away,2001
Alfonso Cuarón,Gravity,2013
Miguel Gomes,Tabu,2012
Andrew Haigh,Weekend,2011
Wong Kar-wai,In the Mood for Love,2000
Kim Ki-duk,"Spring, Summer, Fall, Winter…and Spring",2003
David Cronenberg,A History of Violence,2005
Pedro Almodóvar,Talk to Her,2002
Todd Haynes,Carol,2015
Lars von Trier,Melancholia,2011
Michael Haneke,The White Ribbon,2009
Andrey Zvyagintsev,The Return,2003
Jean-Pierre and Luc Dardenne,The Child,2005
Carlos Reygadas,Silent Light,2007
Wong Kar-wai,In the Mood for Love,2000
Apichatpong Weerasethakul,Tropical Malady,2004
David Lynch,Mulholland Drive,2001
Hou Hsiao-hsien,The Assassin,2015
Steve McQueen,Shame,2011
Hayao Miyazaki,Spirited Away,2001
Kathryn Bigelow,The Hurt Locker,2008
Maren Ade,Toni Erdmann,2016
Debra Granik,"""Winters Bone""",2010
Jacques Audiard,A Prophet,2009
Duncan Jones,Moon,2009
Paolo Sorrentino,The Great Beauty,2013
Florian Henckel von Donnersmarck,The Lives of Others,2006
Wong Kar-wai,In the Mood for Love,2000
Agnès Jaoui,The Taste of Others,2000
Damián Szifrón,Wild Tales,2014
Paul Feig,Bridesmaids,2011
Michel Gondry,Eternal Sunshine of the Spotless Mind,2004
Joel and Ethan Coen,"O Brother, Where Art Thou?",2000
Quentin Tarantino,Inglourious Basterds,2009
Nuri Bilge Ceylan,Once Upon a Time in Anatolia,2011
Andrew Dominik,The Assassination of Jesse James by the Coward Robert Ford,2007
David Fincher,The Social Network,2010
Wes Anderson,The Grand Budapest Hotel,2014
Peter Jackson,The Lord of the Rings: The Fellowship of the Ring,2001
Terrence Malick,The Tree of Life,2011
Leos Carax,Holy Motors,2012
Abderrahmane Sissako,Timbuktu,2014
Pablo Larraín,No,2012
Guillermo Del Toro,"""Pans Labyrinth""",2006
Ousmane Sembène,Moolaadé,2004
Rachid Bouchareb,Days of Glory,2006
Abderrahmane Sissako,Timbuktu,2014
Nouri Bouzid,Making Of,2006
Zhang Yimou,House of Flying Daggers,2004
Fernando Meirelles and Kátia Lund,City of God,2002
Rehad Desai,Miners Shot Down,2014
Mohamed Diab,678,2010
Oliver Schmitz,Hijack Stories,2000
Ari Folman,Waltz with Bashir,2008
Joel and Ethan Coen,No Country For Old Men,2007
Tom McCarthy,Spotlight,2015
Paul Greengrass,United 93,2006
Dror Moreh,The Gatekeepers,2012
Jonathan Glazer,Sexy Beast,2000
Asghar Farhadi,A Separation,2011
Christopher Nolan,Memento,2000
Clint Eastwood,Letters From Iwo Jima,2006
Adam McKay,Anchorman: The Legend of Ron Burgundy,2004
Darren Aronofsky,The Wrestler,2008
Thom Andersen,Los Angeles Plays Itself,2003
David Lynch,Mulholland Drive,2001
Jean-Luc Godard,Goodbye to Language,2014
Hou Hsiao-hsien,Millennium Mambo,2001
Kenneth Lonergan,Margaret,2011
Mark Neveldine and Brian Taylor,Crank,2006
Maren Ade,The Forest for the Trees,2003
Michael Mann,Miami Vice,2006
Hong Sang-soo,Woman on the Beach,2006
Jean-Pierre and Luc Dardenne,The Son,2002
Edward Yang,Yi Yi: A One and a Two,2000
Michael Haneke,The White Ribbon,2009
Andrea Arnold,Fish Tank,2009
Hayao Miyazaki,Spirited Away,2001
Abderrahmane Sissako,Timbuktu,2014
Cristian Mungiu,"4 Months, 3 Weeks & 2 Days",2007
Joel and Ethan Coen,No Country For Old Men,2007
Aleksey Fedorchenko,Silent Souls,2010
Asghar Farhadi,A Separation,2011
Patricio Guzmán,Nostalgia for the Light,2010
Leos Carax,Holy Motors,2012
Víctor Erice,Lifeline,2002
Abbas Kiarostami,Certified Copy,2010
Stephen Chow,Kung Fu Hustle,2004
Peter Tscherkassky,Instructions for a Light and Sound Machine,2005
Philippe Grandrieux,Un lac,2008
Joseph Kahn,Detention,2011
Rita Azevedo Gomes,A Vingança de Uma Mulher,2012
Nanni Moretti,Mia Madre,2015
Brian De Palma,Femme Fatale,2002
Martin Scorsese,The Wolf of Wall Street,2013
Joel and Ethan Coen,No Country For Old Men,2007
Hayao Miyazaki,Spirited Away,2001
Clint Eastwood,Million Dollar Baby,2004
Roman Polanski,The Ghost Writer,2010
Nanni Moretti,"""The Sons Room""",2001
David Cronenberg,A History of Violence,2005
Pedro Almodóvar,Talk to Her,2002
Sidney Lumet,"""Before the Devil Knows Youre Dead""",2007
Woody Allen,Match Point,2005
Olivier Assayas,Carlos,2010
David Fincher,Zodiac,2007
Andrey Zvyagintsev,Leviathan,2014
David Lynch,Mulholland Drive,2001
Andrew Dominik,The Assassination of Jesse James by the Coward Robert Ford,2007
Brad Bird,The Incredibles,2004
Alfonso Cuarón,Children of Men,2006
Wes Anderson,Fantastic Mr Fox,2009
Werner Herzog,Grizzly Man,2005
Ang Lee,Brokeback Mountain,2005
Alain Resnais,You Ain’t Seen Nothin’ Yet,2012
Chantal Akerman,No Home Movie,2015
Éric Rohmer,The Romance of Astrea and Celadon,2009
Manoel de Oliveira,The Strange Case of Angelica,2010
Michelangelo Antonioni,Michelangelo Eye to Eye,2004
Charles Burnett,"""Warming by the Devils Fire""",2003
Terrence Malick,The New World,2005
Hou Hsiao-hsien,Café Lumière,2003
Woody Allen,You Will Meet a Tall Dark Stranger,2010
Quentin Tarantino,The Hateful Eight,2015
Michel Gondry,Eternal Sunshine of the Spotless Mind,2004
Ang Lee,"Crouching Tiger, Hidden Dragon",2000
Leos Carax,Holy Motors,2012
Fernando Meirelles and Kátia Lund,City of God,2002
Gaspar Noé,Enter the Void,2009
John Cameron Mitchell,Hedwig and the Angry Inch,2001
Lars von Trier,Melancholia,2011
George Miller,Mad Max: Fury Road,2015
Peter Jackson,The Lord of the Rings: The Fellowship of the Ring,2001
Werner Herzog,Grizzly Man,2005
Paul Thomas Anderson,Inherent Vice,2014
David Lynch,Mulholland Drive,2001
Lars von Trier,Melancholia,2011
Paul Thomas Anderson,There Will Be Blood,2007
Jonathan Glazer,Under the Skin,2013
Catherine Breillat,Fat Girl,2001
Joel and Ethan Coen,A Serious Man,2009
Kinji Fukasaku,Battle Royale,2000
Béla Tarr and Ágnes Hranitzky,The Turin Horse,2011
Werner Herzog,Bad Lieutenant: Port of Call New Orleans,2009
David Lynch,Mulholland Drive,2001
Terrence Malick,The Tree of Life,2011
André Singer,Night Will Fall,2014
Steve McQueen,12 Years a Slave,2013
Lynne Ramsay,We Need to Talk About Kevin,2011
Richard Linklater,Boyhood,2014
Michael Haneke,Amour,2012
Florian Henckel von Donnersmarck,The Lives of Others,2006
Patricio Guzmán,Nostalgia for the Light,2010
Andrea Arnold,Red Road,2006
Richard Linklater,Before Midnight,2013
Michel Gondry,Eternal Sunshine of the Spotless Mind,2004
Steven Spielberg,Munich,2005
David Fincher,The Social Network,2010
Wes Anderson,The Grand Budapest Hotel,2014
Jonathan Glazer,Sexy Beast,2000
Yorgos Lanthimos,The Lobster,2015
Quentin Tarantino,Inglourious Basterds,2009
Christopher Guest,Best in Show,2000
Ridley Scott,Gladiator,2000
Edward Yang,Yi Yi: A One and a Two,2000
Asghar Farhadi,A Separation,2011
Spike Lee,25th Hour,2002
Cristian Mungiu,"4 Months, 3 Weeks & 2 Days",2007
Andrew Stanton,WALL-E,2008
Christian Petzold,Phoenix,2014
Ava DuVernay,Selma,2014
Abderrahmane Sissako,Timbuktu,2014
Asghar Farhadi,About Elly,2009
Manoel de Oliveira,I’m Going Home,2001
Joel and Ethan Coen,Inside Llewyn Davis,2013
Paul Thomas Anderson,There Will Be Blood,2007
Pete Docter,Inside Out,2015
Todd Haynes,Carol,2015
John Crowley,Brooklyn,2015
Ang Lee,"Crouching Tiger, Hidden Dragon",2000
Richard Linklater,Boyhood,2014
Ryan Coogler,Fruitvale Station,2013
Derek Cianfrance,Blue Valentine,2010
Spike Jonze,Her,2013
Wolfgang Becker,Good Bye Lenin!,2003
Sofia Coppola,Lost in Translation,2003
Tom McCarthy,Spotlight,2015
Guillermo Del Toro,"""Pans Labyrinth""",2006
George Miller,Mad Max: Fury Road,2015
Uli Edel,The Baader Meinhof Complex,2008
Richard Linklater,Boyhood,2014
Danis Tanovic,"""No Mans Land""",2001
Steven Soderbergh,Che,2008
Terry Zwigoff,Ghost World,2001
Charlie Kaufman,"Synecdoche, New York",2008
Michel Gondry,Eternal Sunshine of the Spotless Mind,2004
Quentin Tarantino,Django Unchained,2012
Wes Anderson,The Grand Budapest Hotel,2014
Nick Cassavetes,Alpha Dog,2006
Spike Jonze,Her,2013
Jason Reitman,Young Adult,2011
Christopher Nolan,The Dark Knight,2008
Ben Stiller,Tropic Thunder,2008
Alfonso Cuarón,Children of Men,2006
Christopher Nolan,Memento,2000
Park Chan-wook,Oldboy,2003
Jafar Panahi,The Circle,2000
Florian Henckel von Donnersmarck,The Lives of Others,2006
Stephen Frears,Dirty Pretty Things,2002
Lynne Ramsay,We Need to Talk About Kevin,2011
Bart Layton,The Imposter,2012
Ana Lily Amirpour,A Girl Walks Home Alone at Night,2014
Bong Joon-ho,Mother,2009
S. Craig Zahler,Bone Tomahawk,2015
Richard Linklater,Boyhood,2014
Lars von Trier,Melancholia,2011
Paolo Sorrentino,The Great Beauty,2013
Michael Haneke,The White Ribbon,2009
Asghar Farhadi,A Separation,2011
Nuri Bilge Ceylan,Winter Sleep,2014
Hayao Miyazaki,Spirited Away,2001
Michel Hazanavicius,The Artist,2011
Harmony Korine,Spring Breakers,2012
Stephen Frears,The Queen,2006
Michael Haneke,Caché,2005
Hayao Miyazaki,Spirited Away,2001
Michel Gondry,Eternal Sunshine of the Spotless Mind,2004
Terrence Malick,The Tree of Life,2011
Wes Anderson,The Grand Budapest Hotel,2014
Rick Alverson,The Comedy,2012
Kathryn Bigelow,Zero Dark Thirty,2012
Joel and Ethan Coen,No Country For Old Men,2007
Bong Joon-ho,Memories of Murder,2003
Larry Charles,Borat: Cultural Learnings of America for Make Benefit Glorious Nation of Kazakhstan,2006
Paul Thomas Anderson,There Will Be Blood,2007
Guillermo Del Toro,"""Pans Labyrinth""",2006
Alfonso Cuarón,Children of Men,2006
Ang Lee,Brokeback Mountain,2005
Christopher Nolan,The Dark Knight,2008
Cameron Crowe,Almost Famous,2000
Joel and Ethan Coen,A Serious Man,2009
Quentin Tarantino,Kill Bill: Vol. 1,2003
Richard Kelly,Donnie Darko,2001
Joel and Ethan Coen,"O Brother, Where Art Thou?",2000
Paul Thomas Anderson,There Will Be Blood,2007
Brad Bird and Jan Pinkava,Ratatouille,2007
Nuri Bilge Ceylan,Climates,2006
David Lynch,Mulholland Drive,2001
Alfonso Cuarón,Y Tu Mamá También,2001
Spike Jonze,Her,2013
Richard Linklater,Boyhood,2014
Lee Chang-dong,Poetry,2010
Wes Anderson,The Grand Budapest Hotel,2014
David Fincher,Zodiac,2007
Edward Yang,Yi Yi: A One and a Two,2000
Alfonso Cuarón,Y Tu Mamá También,2001
David Lynch,Mulholland Drive,2001
Richard Linklater,Waking Life,2001
Wong Kar-wai,In the Mood for Love,2000
Wes Anderson,Moonrise Kingdom,2012
Spike Lee,25th Hour,2002
Abbas Kiarostami,Certified Copy,2010
Steven Spielberg,AI: Artificial Intelligence,2001
Jim Jarmusch,Only Lovers Left Alive,2013
Lars von Trier,Melancholia,2011
Hayao Miyazaki,Spirited Away,2001
Cristian Mungiu,Beyond the Hills,2012
Tomas Alfredson,Let the Right One In,2008
Sarah Polley,Stories We Tell,2012
Todd Haynes,Carol,2015
Cristi Puiu,The Death of Mr Lazarescu,2005
Paul Thomas Anderson,The Master,2012
Michael Haneke,Caché,2005
Luke Fowler,All Divided Selves,2011
Michael Haneke,The White Ribbon,2009
Nuri Bilge Ceylan,Winter Sleep,2014
Abderrahmane Sissako,Timbuktu,2014
Nanni Moretti,Mia Madre,2015
Andrey Zvyagintsev,The Return,2003
Lee Chang-dong,Oasis,2002
Pedro Almodóvar,Bad Education,2004
Michel Hazanavicius,The Artist,2011
Park Chan-wook,Oldboy,2003
Terence Davies,The House of Mirth,2000
Richard Linklater,Boyhood,2014
Ang Lee,"Crouching Tiger, Hidden Dragon",2000
Steven Knight,Locke,2013
Kathryn Bigelow,The Hurt Locker,2008
Guillermo Del Toro,"""Pans Labyrinth""",2006
Florian Henckel von Donnersmarck,The Lives of Others,2006
Cary Joji Fukunaga,Sin Nombre,2009
Alexander Payne,Nebraska,2013
Ryan Coogler,Fruitvale Station,2013
James Marsh,Man on Wire,2008
Asghar Farhadi,A Separation,2011
Alejandro González Iñárritu,Babel,2006
Kim Ki-duk,"Spring, Summer, Fall, Winter…and Spring",2003
Wong Kar-wai,In the Mood for Love,2000
Hayao Miyazaki,Spirited Away,2001
Ang Lee,Brokeback Mountain,2005
Park Chan-wook,Oldboy,2003
Abbas Kiarostami,Ten,2002
Aleksandr Sokurov,Russian Ark,2002
Nuri Bilge Ceylan,Once Upon a Time in Anatolia,2011
Jean-Luc Godard,Goodbye to Language,2014
Pedro Costa,Colossal Youth,2006
Béla Tarr and Ágnes Hranitzky,Werckmeister Harmonies,2000
Leos Carax,Holy Motors,2012
Apichatpong Weerasethakul,Uncle Boonmee Who Can Recall His Past Lives,2010
Andrey Zvyagintsev,Leviathan,2014
Miguel Gomes,Tabu,2012
Ben Rivers,The Sky Trembles and the Earth Is Afraid and the Two Eyes Are Not Brothers,2015
Lav Diaz,From What Is Before,2014
Pietro Marcello,Lost and Beautiful,2015
Terrence Malick,The Tree of Life,2011
Wong Kar-wai,In the Mood for Love,2000
Andrew Dominik,The Assassination of Jesse James by the Coward Robert Ford,2007
Joel and Ethan Coen,Inside Llewyn Davis,2013
David Fincher,Zodiac,2007
Paul Thomas Anderson,Inherent Vice,2014
Alfonso Cuarón,Children of Men,2006
Sofia Coppola,Lost in Translation,2003
Spike Lee,25th Hour,2002
Todd Haynes,Carol,2015
David Lynch,Mulholland Drive,2001
Chantal Akerman,The Captive,2000
Wang Bing,Tie Xi Qu: West of the Tracks,2002
James Gray,The Yards,2000
Jia Zhangke,Platform,2000
Naomi Kawase,Shara,2003
Abbas Kiarostami,Ten,2002
Francis Ford Coppola,Twixt,2011
João Pedro Rodrigues,To Die Like a Man,2009
Harmony Korine,Spring Breakers,2012
Julian Schnabel,The Diving Bell and the Butterfly,2007
Abdellatif Kechiche,Blue Is the Warmest Color,2013
Tomas Alfredson,Let the Right One In,2008
Joshua Oppenheimer,The Act of Killing,2012
Guillermo Del Toro,"""Pans Labyrinth""",2006
Paul Thomas Anderson,There Will Be Blood,2007
Asghar Farhadi,A Separation,2011
Jacques Audiard,A Prophet,2009
Andrew Stanton,WALL-E,2008
Neill Blomkamp,District 9,2009
Abbas Kiarostami,Certified Copy,2010
Joel and Ethan Coen,Inside Llewyn Davis,2013
Paul Thomas Anderson,The Master,2012
Wong Kar-wai,In the Mood for Love,2000
Don Hertzfeldt,"""Its Such a Beautiful Day""",2012
Terence Davies,The Deep Blue Sea,2011
Michel Gondry,Eternal Sunshine of the Spotless Mind,2004
Nina Paley,Sita Sings the Blues,2008
Jennifer Kent,The Babadook,2014
Leos Carax,Holy Motors,2012
Michel Gondry,Eternal Sunshine of the Spotless Mind,2004
Andrew Stanton,WALL-E,2008
Wong Kar-wai,In the Mood for Love,2000
Paul Thomas Anderson,There Will Be Blood,2007
Sarah Polley,Take This Waltz,2011
Julian Schnabel,The Diving Bell and the Butterfly,2007
László Nemes,Son of Saul,2015
James Marsch,Man on Wire,2008
Cristian Mungiu,"4 Months, 3 Weeks & 2 Days",2007
James Cameron,Avatar,2009
Ang Lee,"Crouching Tiger, Hidden Dragon",2000
Gurinder Chadha,Bend It Like Beckham,2002
Spike Jonze,Her,2013
Paweł Pawlikowski,Ida,2013
Mira Nair,The Namesake,2006
Terrence Malick,The New World,2005
Guillermo Del Toro,"""Pans Labyrinth""",2006
Hany Abu-Assad,Paradise Now,2005
Ava DuVernay,Selma,2014
David Fincher,The Social Network,2010
Michel Gondry,Eternal Sunshine of the Spotless Mind,2004
Ang Lee,Brokeback Mountain,2005
Christopher Nolan,The Dark Knight,2008
Andrew Stanton and Lee Unkrich,Finding Nemo,2003
Damien Chazelle,Whiplash,2014
Steve McQueen,Shame,2011
Sam Mendes,Revolutionary Road,2008
Joel and Ethan Coen,Inside Llewyn Davis,2013
Andrew Haigh,Weekend,2011
Vincent Paronnaud and Marjane Satrapi,Persepolis,2007
Wong Kar-wai,In the Mood for Love,2000
László Nemes,Son of Saul,2015
Kathryn Bigelow,The Hurt Locker,2008
Jacques Audiard,The Beat That My Heart Skipped,2005
Fatih Akin,The Edge of Heaven,2007
Ari Folman,Waltz with Bashir,2008
Park Chan-wook,Oldboy,2003
Wolfgang Becker,Good Bye Lenin!,2003
Paweł Pawlikowski,Ida,2013
Denis Villeneuve,Incendies,2010
David Lynch,Mulholland Drive,2001
Charlie Kaufman,"Synecdoche, New York",2008
Jonathan Glazer,Birth,2004
Andrey Zvyagintsev,Elena,2011
Todd Haynes,Carol,2015
Miguel Gomes,Tabu,2012
Peter Weir,Master and Commander: The Far Side of the World,2003
Kenneth Lonergan,Margaret,2011
Paul Thomas Anderson,There Will Be Blood,2007
Steve McQueen,12 Years a Slave,2013
Spike Lee,25th Hour,2002
Fernando Meirelles and Kátia Lund,City of God,2002
Joshua Oppenheimer,The Act of Killing,2012
Christopher Nolan,The Prestige,2006
Hayao Miyazaki,Spirited Away,2001
Brad Bird,The Incredibles,2004
Robert Altman,Gosford Park,2001
Christopher Nolan,Memento,2000
Tomm Moore,Song of the Sea,2014
Charlie Kaufman,"Synecdoche, New York",2008
David Lynch,Mulholland Drive,2001
Wong Kar-wai,In the Mood for Love,2000
Joel and Ethan Coen,No Country For Old Men,2007
Paul Thomas Anderson,There Will Be Blood,2007
Hayao Miyazaki,Spirited Away,2001
Fernando Meirelles and Kátia Lund,City of God,2002
Edward Yang,Yi Yi: A One and a Two,2000
Spike Jonze,Adaptation,2002
Asghar Farhadi,A Separation,2011
Gus Van Sant,Elephant,2003
Béla Tarr and Ágnes Hranitzky,Werckmeister Harmonies,2000
Apichatpong Weerasethakul,Syndromes and a Century,2006
Guy Maddin,My Winnipeg,2007
Claire Denis,35 Shots of Rum,2008
Wes Anderson,The Royal Tenenbaums,2001
Paolo Sorrentino,The Great Beauty,2013
"Pete Docter, David Silverman and Lee Unkrich","Monsters, Inc.",2001
Clio Barnard,The Arbor,2010
Christian Marclay,The Clock,2010
Tsai Ming-liang,"Goodbye, Dragon Inn",2003
David Fincher,Zodiac,2007
Ang Lee,"Crouching Tiger, Hidden Dragon",2000
Kathryn Bigelow,Zero Dark Thirty,2012
Hayao Miyazaki,Spirited Away,2001
Wong Kar-wai,2046,2004
Wes Anderson,Moonrise Kingdom,2012
Benh Zeitlin,Beasts of the Southern Wild,2012
Richard Linklater,Boyhood,2014
Destin Daniel Cretton,Short Term 12,2013
Patty Jenkins,Monster,2003
Nadine Labaki,Caramel,2007
Roberto Benigni,The Tiger and the Snow,2005
Jafar Panahi,Taxi Tehran,2015
Eran Riklis,A Borrowed Identity,2014
Annemarie Jacir,When I Saw You,2012
Ramin Bahrani,99 Homes,2014
Sofia Coppola,Somewhere,2010
Yann Arthus-Bertrand,Human,2015
Ang Lee,Brokeback Mountain,2005
Asghar Farhadi,About Elly,2009
David Fincher,Zodiac,2007
David Lynch,Mulholland Drive,2001
Wong Kar-wai,In the Mood for Love,2000
Edward Yang,Yi Yi: A One and a Two,2000
Richard Linklater,Boyhood,2014
Mary Harron,American Psycho,2000
Lukas Moodysson,Lilya 4-Ever,2002
Nicolas Winding Refn,Drive,2011
Spike Lee,25th Hour,2002
Joel and Ethan Coen,A Serious Man,2009
Terrence Malick,The Tree of Life,2011
Alfonso Cuarón,Children of Men,2006
Aleksandr Sokurov,Alexandre Sokurov,2015
Paul Thomas Anderson,There Will Be Blood,2007
Clint Eastwood,Letters From Iwo Jima,2006
Cristi Puiu,The Death of Mr Lazarescu,2005
Hany Abu-Assad,Paradise Now,2005
Andrey Zvyagintsev,Leviathan,2014
Roy Andersson,A Pigeon Sat on a Branch Reflecting on Existence,2014
Jean-Pierre Jeunet,Amélie,2001
Joel and Ethan Coen,Inside Llewyn Davis,2013
Spike Lee,25th Hour,2002
Cameron Crowe,Almost Famous,2000
Sofia Coppola,Lost in Translation,2003
Paul Thomas Anderson,Punch-Drunk Love,2002
David Fincher,Zodiac,2007
Michel Gondry,Eternal Sunshine of the Spotless Mind,2004
David Fincher,The Social Network,2010
Steve McQueen,12 Years a Slave,2013
Tom McCarthy,Spotlight,2015
Wong Kar-wai,In the Mood for Love,2000
Florian Henckel von Donnersmarck,The Lives of Others,2006
Michel Gondry,Eternal Sunshine of the Spotless Mind,2004
Quentin Tarantino,Kill Bill: Vol. 1,2003
Christopher Nolan,Inception,2010
Pedro Almodóvar,Talk to Her,2002
Alejandro González Iñárritu,Amores Perros,2000
Andrew Lau and Alan Mak,Infernal Affairs,2002
Sofia Coppola,Lost in Translation,2003
Andrew Adamson and Vicky Jenson,Shrek,2001
Elia Suleiman,The Time That Remains,2009
Béla Tarr and Ágnes Hranitzky,The Turin Horse,2011
Ossama Mohammed,The Box of Life,2002
Mani Haghighi,Men at Work,2006
Alain Gomis,Tey,2012
Jia Zhangke,A Touch of Sin,2013
Mohamed Soueid,My Heart Beats Only for Her,2009
Miguel Gomes,Arabian Nights: Volume 1 – The Restless One,2015
Patricio Guzmán,Nostalgia for the Light,2010
Karim Aïnouz and Marcelo Gomes,"I Travel Because I Have To, I Come Back Because I Love You",2009
Béla Tarr and Ágnes Hranitzky,Werckmeister Harmonies,2000
Lucien Castaing-Taylor and Verena Paravel,Leviathan,2012
Agnès Varda,The Gleaners and I,2000
Paolo Sorrentino,The Great Beauty,2013
Joshua Oppenheimer,The Act of Killing,2012
Lav Diaz,"Norte, the End of History",2013
Michael Haneke,Caché,2005
Patricio Guzmán,Nostalgia for the Light,2010
Hayao Miyazaki,Spirited Away,2001
Asghar Farhadi,A Separation,2011
Terrence Malick,The New World,2005
David Lynch,Mulholland Drive,2001
David Fincher,Zodiac,2007
Paul Thomas Anderson,There Will Be Blood,2007
Wong Kar-wai,In the Mood for Love,2000
Hou Hsiao-hsien,Three Times,2005
Terrence Malick,The Tree of Life,2011
Joshua Oppenheimer,The Act of Killing,2012
Charlie Kaufman,"Synecdoche, New York",2008
Kiyoshi Kurosawa,Pulse,2001
Wong Kar-wai,In the Mood for Love,2000
Kathryn Bigelow,Zero Dark Thirty,2012
Pete Docter,Inside Out,2015
Ang Lee,Brokeback Mountain,2005
Martin Scorsese,The Departed,2006
Steve McQueen,12 Years a Slave,2013
Pedro Almodóvar,Talk to Her,2002
Ang Lee,"Crouching Tiger, Hidden Dragon",2000
Joel and Ethan Coen,No Country For Old Men,2007
Mike Mills,Beginners,2010
Ronit Elkabetz and Shlomi Elkabetz,Gett: The Trial of Viviane Amselem,2014
Joshua Oppenheimer,The Act of Killing,2012
Joshua Oppenheimer,The Look of Silence,2014
Terrence Malick,The Tree of Life,2011
Terrence Malick,Knight of Cups,2015
Paul Thomas Anderson,Inherent Vice,2014
Wes Anderson,The Grand Budapest Hotel,2014
Asghar Farhadi,A Separation,2011
Gareth Edwards,Godzilla,2014
Jonathan Glazer,Under the Skin,2013
Pablo Larraín,No,2012
Vincent Paronnaud and Marjane Satrapi,Persepolis,2007
Richard Linklater,Boyhood,2014
David Lynch,Mulholland Drive,2001
Kathryn Bigelow,The Hurt Locker,2008
Céline Sciamma,Girlhood,2014
Mia Hansen-Løve,Eden,2014
Jia Zhangke,A Touch of Sin,2013
Michael Winterbottom,24 Hour Party People,2002
Maren Ade,Toni Erdmann,2016
Paul Thomas Anderson,There Will Be Blood,2007
Steve McQueen,12 Years a Slave,2013
Jonathan Glazer,Under the Skin,2013
Andrey Zvyagintsev,Leviathan,2014
Paolo Sorrentino,The Great Beauty,2013
Alexander Payne,Nebraska,2013
Richard Linklater,Before Sunset,2004
Trey Parker,Team America: World Police,2004
Lars von Trier,Dogville,2003
Larry Charles,Borat: Cultural Learnings of America for Make Benefit Glorious Nation of Kazakhstan,2006
Edward Yang,Yi Yi: A One and a Two,2000
Hayao Miyazaki,Spirited Away,2001
Kenneth Lonergan,Margaret,2011
Paul Thomas Anderson,There Will Be Blood,2007
Wes Anderson,The Grand Budapest Hotel,2014
Hirokazu Koreeda,Still Walking,2008
Ousmane Sembène,Moolaadé,2004
Christopher Nolan,Memento,2000
Park Chan-wook,Oldboy,2003
Ang Lee,"Crouching Tiger, Hidden Dragon",2000
Richard Linklater,Boyhood,2014
Leos Carax,Holy Motors,2012
David Lynch,Mulholland Drive,2001
Christopher Nolan,Memento,2000
Paul Thomas Anderson,The Master,2012
Joel and Ethan Coen,Inside Llewyn Davis,2013
Julian Schnabel,The Diving Bell and the Butterfly,2007
Guy Maddin,My Winnipeg,2007
Pete Docter,Inside Out,2015
Adam McKay,Step Brothers,2008
Jane Campion,Bright Star,2009
George Miller,Mad Max: Fury Road,2015
Michael Haneke,Caché,2005
David Fincher,Zodiac,2007
Mike Leigh,Mr Turner,2014
Michael Haneke,Amour,2012
Paul Thomas Anderson,The Master,2012
Jim Jarmusch,Only Lovers Left Alive,2013
Joel and Ethan Coen,Inside Llewyn Davis,2013
Miguel Gomes,Tabu,2012
Christopher Nolan,Memento,2000
Darren Aronofsky,Requiem for a Dream,2000
Peter Jackson,The Lord of the Rings: The Return of the King,2003
Nicolas Winding Refn,Drive,2011
Leos Carax,Holy Motors,2012
George Miller,Mad Max: Fury Road,2015
Ben Wheatley,Kill List,2011
Lee Unkrich,Toy Story 3,2010
Shane Black,Kiss Kiss Bang Bang,2005
Joel and Ethan Coen,Inside Llewyn Davis,2013
David Lynch,Mulholland Drive,2001
Joel and Ethan Coen,No Country For Old Men,2007
Jean-Pierre Jeunet,Amélie,2001
Christopher Nolan,Memento,2000
Wong Kar-wai,In the Mood for Love,2000
Pedro Almodóvar,Talk to Her,2002
Bong Joon-ho,Memories of Murder,2003
Andrew Stanton,WALL-E,2008
Michael Moore,Bowling for Columbine,2002
Alfonso Cuarón,Children of Men,2006
David Lynch,Mulholland Drive,2001
László Nemes,Son of Saul,2015
Paweł Pawlikowski,Ida,2013
Michel Gondry,Eternal Sunshine of the Spotless Mind,2004
Michael Haneke,The White Ribbon,2009
Hirokazu Koreeda,Still Walking,2008
Joshua Oppenheimer,The Act of Killing,2012
Lars von Trier,Dogville,2003
Alejandro González Iñárritu,Birdman,2014
Werner Herzog,Grizzly Man,2005
Michael Haneke,Amour,2012
Nuri Bilge Ceylan,Distant,2002
Asghar Farhadi,A Separation,2011
Warwick Thornton,Samson & Delilah,2009
Andrey Zvyagintsev,Leviathan,2014
Hirokazu Koreeda,Still Walking,2008
Pedro Almodóvar,Talk to Her,2002
Clint Eastwood,Million Dollar Baby,2004
Joel and Ethan Coen,No Country For Old Men,2007
Aki Kaurismäki,The Man Without A Past,2002
Raoul Ruiz,Mysteries of Lisbon,2010
Kenneth Lonergan,Margaret,2011
Terrence Malick,The New World,2005
Jean-Claude Brisseau,Secret Things,2002
Lucrecia Martel,La Ciénaga,2001
Maren Ade,Toni Erdmann,2016
Patrick Wang,In the Family,2011
Miguel Gomes,Tabu,2012
Gus Van Sant,Gerry,2002
Apichatpong Weerasethakul,Tropical Malady,2004
Béla Tarr and Ágnes Hranitzky,The Turin Horse,2011
Andrey Zvyagintsev,The Return,2003
Michael Haneke,The White Ribbon,2009
Wong Kar-wai,In the Mood for Love,2000
Roy Andersson,Songs from the Second Floor,2000
Tsai Ming-liang,Journey to the West,2014
Pirjo Honkasalo,The 3 Rooms of Melancholia,2004
Agnès Varda,The Gleaners and I,2000
Hayao Miyazaki,Spirited Away,2001
Carlos Reygadas,Japon,2002
Abdellatif Kechiche,Blue Is the Warmest Color,2013
Jim Jarmusch,Only Lovers Left Alive,2013
David Lynch,Mulholland Drive,2001
Sofia Coppola,Somewhere,2010
Spike Lee,25th Hour,2002
Quentin Tarantino,Inglourious Basterds,2009
Michel Hazanavicius,The Artist,2011
Christian Petzold,Phoenix,2014
Brian De Palma,Femme Fatale,2002
Wes Anderson,Fantastic Mr Fox,2009
Kleber Mendonça Filho,Neighboring Sounds,2012
Paul Thomas Anderson,The Master,2012
Eran Kolirin,The Band’s Visit,2007
Laurent Cantet,Time Out,2001
Kenneth Lonergan,Margaret,2011
Brad Bird and Jan Pinkava,Ratatouille,2007
Agnieszka Holland,Burning Bush,2013
Cristian Mungiu,"4 Months, 3 Weeks & 2 Days",2007
Andrey Zvyagintsev,Leviathan,2014
Christian Petzold,Barbara,2012
Hou Hsiao-hsien,The Assassin,2015
Wes Anderson,The Grand Budapest Hotel,2014
Christopher Nolan,Inception,2010
Apichatpong Weerasethakul,Uncle Boonmee Who Can Recall His Past Lives,2010
Joshua Oppenheimer,The Act of Killing,2012
Joel and Ethan Coen,No Country For Old Men,2007
Kim Jee-woon,A Tale of Two Sisters,2003
Jia Zhangke,Still Life,2006
Hayao Miyazaki,Spirited Away,2001
Wong Kar-wai,In the Mood for Love,2000
Jean-Luc Godard,Goodbye to Language,2014
Aleksandr Sokurov,Russian Ark,2002
Leos Carax,Holy Motors,2012
Wong Kar-wai,In the Mood for Love,2000
Alfonso Cuarón,Gravity,2013
Paul Thomas Anderson,There Will Be Blood,2007
Asghar Farhadi,About Elly,2009
Wes Anderson,Moonrise Kingdom,2012
Lucrecia Martel,The Headless Woman,2008
Guillermo Del Toro,"""Pans Labyrinth""",2006
Terrence Malick,The Tree of Life,2011
Richard Linklater,Boyhood,2014
David Fincher,Zodiac,2007
Edward Yang,Yi Yi: A One and a Two,2000
Kenneth Lonergan,Margaret,2011
Kelly Reichardt,"""Meeks Cutoff""",2010
Spike Lee,25th Hour,2002
Asghar Farhadi,A Separation,2011
Abbas Kiarostami,Certified Copy,2010
Paul Thomas Anderson,There Will Be Blood,2007
David Lynch,Mulholland Drive,2001
Paul Thomas Anderson,There Will Be Blood,2007
Joel and Ethan Coen,No Country For Old Men,2007
David Fincher,The Social Network,2010
Alfonso Cuarón,Children of Men,2006
Martin Scorsese,The Departed,2006
Wong Kar-wai,In the Mood for Love,2000
Steve McQueen,12 Years a Slave,2013
Christopher Nolan,Memento,2000
Kenneth Lonergan,Manchester by the Sea,2016
Christopher Nolan,The Dark Knight,2008
George Miller,Mad Max: Fury Road,2015
Anthony and Joe Russo,Captain America: Winter Soldier,2014
J. J. Abrams,Star Wars: Episode VII – The Force Awakens,2015
Richard Curtis,Love Actually,2003
Rian Johnson,Brick,2005
Rob Marshall,Chicago,2002
Ben Stiller,Tropic Thunder,2008
Stephen Frears,High Fidelity,2000
David O. Russell,Silver Linings Playbook,2012
Fernando Meirelles and Kátia Lund,City of God,2002
Christopher Nolan,The Dark Knight,2008
Guillermo Del Toro,"""Pans Labyrinth""",2006
Florian Henckel von Donnersmarck,The Lives of Others,2006
Christopher Morris,Four Lions,2010
Alejandro González Iñárritu,Amores Perros,2000
Anurag Kashyap,Gangs of Wasseypur,2012
Neill Blomkamp,District 9,2009
Ashutosh Gowariker,Lagaan: Once Upon a Time in India,2001
Shane Meadows,This Is England,2006
David Lynch,Mulholland Drive,2001
Hou Hsiao-hsien,The Assassin,2015
Asghar Farhadi,A Separation,2011
Baz Luhrmann,Moulin Rouge!,2001
Apichatpong Weerasethakul,Tropical Malady,2004
Wong Kar-wai,In the Mood for Love,2000
Hayao Miyazaki,Spirited Away,2001
Cristian Mungiu,"4 Months, 3 Weeks & 2 Days",2007
Edward Yang,Yi Yi: A One and a Two,2000
Michael Moore,Bowling for Columbine,2002
Steve McQueen,Shame,2011
Paul Thomas Anderson,There Will Be Blood,2007
Guillermo Del Toro,"""Pans Labyrinth""",2006
Pedro Almodóvar,The Skin I Live In,2011
Richard Linklater,Boyhood,2014
Kathryn Bigelow,The Hurt Locker,2008
Cristian Mungiu,"4 Months, 3 Weeks & 2 Days",2007
Asghar Farhadi,A Separation,2011
Wes Anderson,The Royal Tenenbaums,2001
Joel and Ethan Coen,No Country For Old Men,2007
Joel and Ethan Coen,No Country For Old Men,2007
Paul Thomas Anderson,There Will Be Blood,2007
Andrew Stanton,WALL-E,2008
Tom McCarthy,Spotlight,2015
John Carney,Once,2007
David Fincher,The Social Network,2010
Joshua Oppenheimer,The Act of Killing,2012
George Miller,Mad Max: Fury Road,2015
Ava DuVernay,Selma,2014
Edward Yang,Yi Yi: A One and a Two,2000
Abbas Kiarostami,Like Someone In Love,2012
Steven Spielberg,AI: Artificial Intelligence,2001
Jacques Rivette,The Story of Marie and Julien,2003
Terence Davies,The Deep Blue Sea,2011
Jean-Luc Godard,Film socialisme,2010
Terrence Malick,The Tree of Life,2011
Apichatpong Weerasethakul,Blissfully Yours,2002
Michel Gondry,Be Kind Rewind,2008
Philippe Garrel,Frontier of Dawn,2008
Tsai Ming-liang,"""I Dont Want to Sleep Alone""",2006
David Lynch,Mulholland Drive,2001
Arnaud Desplechin,Kings and Queen,2004
Edward Yang,Yi Yi: A One and a Two,2000
Park Chan-wook,Oldboy,2003
Lars von Trier,Antichrist,2009
Alfonso Cuarón,Children of Men,2006
Sofia Coppola,Lost in Translation,2003
Brian De Palma,Femme Fatale,2002
Martin Campbell,Casino Royale,2006
Abdellatif Kechiche,Blue Is the Warmest Color,2013
Wong Kar-wai,In the Mood for Love,2000
Terrence Malick,The Tree of Life,2011
Jacques Audiard,A Prophet,2009
Jean-Pierre Jeunet,Amélie,2001
Hayao Miyazaki,Spirited Away,2001
Ang Lee,Brokeback Mountain,2005
Pedro Almodóvar,Talk to Her,2002
David Lynch,Mulholland Drive,2001
Michel Gondry,Eternal Sunshine of the Spotless Mind,2004
Michael Haneke,Amour,2012
Kim Ki-duk,"Spring, Summer, Fall, Winter…and Spring",2003
Stephen Daldry,The Hours,2002
Jiang Wen,The Sun Also Rises,2007
Asghar Farhadi,A Separation,2011
Ang Lee,"Lust, Caution",2007
Florian Henckel von Donnersmarck,The Lives of Others,2006
Jia Zhangke,Still Life,2006
Alejandro González Iñárritu,Birdman,2014
Andrew Lau and Alan Mak,Infernal Affairs,2002
Fernando Meirelles and Kátia Lund,City of God,2002
,,
,,
,,
,,
,,
